{
	"id": "pomn_player",
	"title": "POMN Player - Music Player Control for POMN_Music Discord Bot",
	"description": "",
	"authors": [
		{
			"name": "muhahahahe"
		}
	],
	"version": "1.0.0",
	"minimumCoreVersion": "10",
	"compatibleCoreVersion": "10",
	"compatibility": {
		"minimum": "10",
		"verified": "10"
	},
	"scripts": ["./index.js"],
	"styles": ["./css/styles.css"],
	"languages": [
		{
			"lang": "en",
			"name": "English",
			"path": "lang/en.json"
		}
	],
	"download": "https://github.com/muhahahahe/pomn_player/raw/main/downloads/pomn_player-latest.zip"
}
